{"Epoch": 300, "Train RMSE": 1.7043740856000493, "Train Pearson R": 0.2159308329505615, "Train Spearman R": 0.2786194455624335, "Val RMSE": 1.6147012394620837, "Val Pearson R": 0.15818763918266815, "Val Spearman R": 0.4863244349440517, "Time": 2.1832563877105713, "_timestamp": 1729714880.4847887, "_runtime": 712.4007005691528, "_step": 299, "_wandb": {"runtime": 711}}