{"Epoch": 2, "Train RMSE": 1.5921238925062395, "Train Pearson R": 0.19733911807960192, "Train Spearman R": 0.2689492292145577, "Val RMSE": 1.7188834884131026, "Val Pearson R": 0.18511162769292752, "Val Spearman R": 0.7294866524160775, "Time": 14.272058010101318, "_timestamp": 1729712881.1684687, "_runtime": 28.404879808425903, "_step": 1}