{"Epoch": 100, "Train RMSE": 1.5883079427929627, "Val RMSE": 1.5840513089477712, "Val Pearson R": 0.12858478791083786, "Val Spearman R": 0.6504589317376691, "Time": 13.045557737350464, "_timestamp": 1729711125.7797072, "_runtime": 1517.9508311748505, "_step": 99}